id,name,email,age,registered_at
1,Alice,alice1@demo.net,30,2020-05-26
2,Bob,bob2@test.org,42,2023-05-13
3,Jack,jack3@example.com,46,2021-03-09
4,Grace,grace4@example.com,37,2022-02-04
5,Bob,bob5@demo.net,47,2021-06-13
6,Charlie,charlie6@demo.net,25,2022-09-24
7,Bob,bob7@mail.com,28,2022-07-27
8,Hank,hank8@demo.net,49,2023-02-26
9,Grace,grace9@mail.com,40,2022-06-29
10,Diana,diana10@demo.net,29,2023-07-19
11,Hank,hank11@example.com,18,2020-11-11
12,Frank,frank12@mail.com,56,2020-02-16
13,Bob,bob13@demo.net,40,2020-03-21
14,Jack,jack14@mail.com,33,2022-01-09
15,Ivy,ivy15@mail.com,64,2020-04-26
16,Frank,frank16@mail.com,42,2020-07-23
17,Bob,bob17@demo.net,41,2023-10-01
18,Diana,diana18@example.com,56,2023-02-22
19,Grace,grace19@test.org,58,2021-09-23
20,Bob,bob20@example.com,56,2023-10-21
21,Alice,alice21@mail.com,65,2023-07-08
22,Frank,frank22@test.org,63,2021-07-14
23,Charlie,charlie23@test.org,38,2021-10-12
24,Frank,frank24@demo.net,55,2023-03-01
25,Hank,hank25@mail.com,37,2022-10-01
26,Eva,eva26@mail.com,52,2020-04-21
27,Alice,alice27@example.com,18,2023-11-30
28,Diana,diana28@demo.net,41,2021-10-06
29,Frank,frank29@example.com,35,2023-06-23
30,Eva,eva30@test.org,35,2021-04-23
31,Hank,hank31@mail.com,23,2022-05-07
32,Frank,frank32@demo.net,44,2022-05-23
33,Hank,hank33@example.com,19,2020-12-09
34,Bob,bob34@example.com,53,2024-02-01
35,Ivy,ivy35@demo.net,25,2022-03-12
36,Bob,bob36@example.com,60,2020-12-06
37,Eva,eva37@demo.net,33,2023-08-30
38,Alice,alice38@mail.com,27,2021-02-20
39,Jack,jack39@mail.com,43,2020-10-23
40,Grace,grace40@test.org,21,2022-05-18
36,Bob,bob36@example.com,60,2020-12-06
13,Bob,bob13@demo.net,40,2020-03-21
1,Alice,alice1@demo.net,30,2020-05-26
1,Alice,alice1@demo.net,30,2020-05-26
16,Frank,frank16@mail.com,42,2020-07-23
1,Alice,alice1@demo.net,30,2020-05-26
1,Alice,alice1@demo.net,30,2020-05-26
36,Bob,bob36@example.com,60,2020-12-06
18,Diana,diana18@example.com,56,2023-02-22
1,Alice,alice1@demo.net,30,2020-05-26
